"Lib","Ord","Name","IAT","Thunk","Kind"
"xam.xex","1","NetDll_WSAStartup","0x82000638","0x834DA204","func"
"xam.xex","2","NetDll_WSACleanup","0x82000640","0x834DA224","func"
"xam.xex","3","NetDll_socket","0x82000644","0x834DA234","func"
"xam.xex","4","NetDll_closesocket","0x82000648","0x834DA244","func"
"xam.xex","5","NetDll_shutdown","0x8200064C","0x834DA254","func"
"xam.xex","6","NetDll_ioctlsocket","0x82000650","0x834DA264","func"
"xam.xex","7","NetDll_setsockopt","0x82000654","0x834DA274","func"
"xam.xex","8","NetDll_getsockopt","0x82000658","0x834DA284","func"
"xam.xex","9","NetDll_getsockname","0x8200065C","0x834DA294","func"
"xam.xex","11","NetDll_bind","0x82000660","0x834DA2A4","func"
"xam.xex","12","NetDll_connect","0x82000664","0x834DA2B4","func"
"xam.xex","13","NetDll_listen","0x82000668","0x834DA2C4","func"
"xam.xex","14","NetDll_accept","0x8200066C","0x834DA2D4","func"
"xam.xex","15","NetDll_select","0x82000670","0x834DA2E4","func"
"xam.xex","18","NetDll_recv","0x82000674","0x834DA2F4","func"
"xam.xex","20","NetDll_recvfrom","0x82000678","0x834DA304","func"
"xam.xex","22","NetDll_send","0x8200067C","0x834DA314","func"
"xam.xex","24","NetDll_sendto","0x82000680","0x834DA324","func"
"xam.xex","26","NetDll_inet_addr","0x82000684","0x834DA334","func"
"xam.xex","27","NetDll_WSAGetLastError","0x82000688","0x834DA344","func"
"xam.xex","28","NetDll_WSASetLastError","0x8200068C","0x834DA354","func"
"xam.xex","29","NetDll_WSACreateEvent","0x82000690","0x834DA364","func"
"xam.xex","34","NetDll___WSAFDIsSet","0x82000694","0x834DA374","func"
"xam.xex","51","NetDll_XNetStartup","0x82000698","0x834DA384","func"
"xam.xex","52","NetDll_XNetCleanup","0x8200069C","0x834DA394","func"
"xam.xex","53","NetDll_XNetRandom","0x820006A0","0x834DA3A4","func"
"xam.xex","55","NetDll_XNetRegisterKey","0x820006A4","0x834DA3B4","func"
"xam.xex","56","NetDll_XNetUnregisterKey","0x820006A8","0x834DA3C4","func"
"xam.xex","57","NetDll_XNetXnAddrToInAddr","0x820006AC","0x834DA3D4","func"
"xam.xex","58","NetDll_XNetServerToInAddr","0x820006B0","0x834DA3E4","func"
"xam.xex","60","NetDll_XNetInAddrToXnAddr","0x820006B4","0x834DA3F4","func"
"xam.xex","63","NetDll_XNetUnregisterInAddr","0x820006B8","0x834DA404","func"
"xam.xex","65","NetDll_XNetConnect","0x820006BC","0x834DA414","func"
"xam.xex","67","NetDll_XNetDnsLookup","0x820006C0","0x834DA424","func"
"xam.xex","68","NetDll_XNetDnsRelease","0x820006C4","0x834DA434","func"
"xam.xex","69","NetDll_XNetQosListen","0x820006C8","0x834DA444","func"
"xam.xex","70","NetDll_XNetQosLookup","0x820006CC","0x834DA454","func"
"xam.xex","72","NetDll_XNetQosRelease","0x820006D0","0x834DA464","func"
"xam.xex","73","NetDll_XNetGetTitleXnAddr","0x820006D4","0x834DA474","func"
"xam.xex","75","NetDll_XNetGetEthernetLinkStatus","0x820006D8","0x834DA484","func"
"xam.xex","77","NetDll_XNetQosGetListenStats","0x820006DC","0x834DA494","func"
"xam.xex","84","NetDll_XNetSetSystemLinkPort","0x820006E0","0x834DA4A4","func"
"xam.xex","310","XNetLogonGetTitleID","0x820006F8","0x834DA504","func"
"xam.xex","400","XamInputGetCapabilities","0x8200077C","0x834DA714","func"
"xam.xex","401","XamInputGetState","0x82000780","0x834DA724","func"
"xam.xex","402","XamInputSetState","0x82000784","0x834DA734","func"
"xam.xex","420","_XamLoaderLaunchTitle__YAXPBDK_Z","0x820007C4","0x834DA834","func"
"xam.xex","423","_XamLoaderGetLaunchDataSize__YAKPAK_Z","0x82000624","0x834DA1B4","func"
"xam.xex","424","_XamLoaderGetLaunchData__YAKPAXK_Z","0x82000628","0x834DA1C4","func"
"xam.xex","425","_XamLoaderTerminateTitle__YAXXZ","0x820007D0","0x834DA864","func"
"xam.xex","431","XamTaskSchedule","0x82000790","0x834DA764","func"
"xam.xex","433","XamTaskCloseHandle","0x8200061C","0x834DA884","func"
"xam.xex","435","XamTaskShouldExit","0x820007D4","0x834DA874","func"
"xam.xex","490","XamAlloc","0x820006EC","0x834DA4D4","func"
"xam.xex","492","XamFree","0x820006E4","0x834DA4B4","func"
"xam.xex","500","XMsgInProcessCall","0x820006E8","0x834DA4C4","func"
"xam.xex","501","XMsgCompleteIORequest","0x82000794","0x834DA774","func"
"xam.xex","503","XMsgStartIORequest","0x820006F0","0x834DA4E4","func"
"xam.xex","504","XMsgCancelIORequest","0x82000604","0x834DB2F4","func"
"xam.xex","507","XamGetOverlappedResult","0x8200078C","0x834DA754","func"
"xam.xex","508","XMsgStartIORequestEx","0x8200071C","0x834DA594","func"
"xam.xex","520","XamUserGetDeviceContext","0x82000610","0x834DB2C4","func"
"xam.xex","522","XamUserGetXUID","0x820006F4","0x834DA4F4","func"
"xam.xex","526","XamUserGetName","0x82000798","0x834DA784","func"
"xam.xex","528","XamUserGetSigninState","0x82000714","0x834DA574","func"
"xam.xex","530","XamUserCheckPrivilege","0x82000718","0x834DA584","func"
"xam.xex","531","XamUserAreUsersFriends","0x8200079C","0x834DA794","func"
"xam.xex","537","XamUserReadProfileSettings","0x82000704","0x834DA534","func"
"xam.xex","538","XamUserWriteProfileSettings","0x82000708","0x834DA544","func"
"xam.xex","551","XamUserGetSigninInfo","0x820007C0","0x834DA824","func"
"xam.xex","590","XamCreateEnumeratorHandle","0x82000710","0x834DA564","func"
"xam.xex","591","XamGetPrivateEnumStructureFromHandle","0x8200070C","0x834DA554","func"
"xam.xex","592","XamEnumerate","0x820007B8","0x834DA804","func"
"xam.xex","601","XamContentCreateEx","0x82000720","0x834DA5A4","func"
"xam.xex","602","XamContentClose","0x82000728","0x834DA5C4","func"
"xam.xex","603","XamContentDelete","0x82000724","0x834DA5B4","func"
"xam.xex","604","XamContentCreateEnumerator","0x82000734","0x834DA5F4","func"
"xam.xex","606","XamContentGetDeviceData","0x8200073C","0x834DA614","func"
"xam.xex","610","XamContentGetCreator","0x8200072C","0x834DA5D4","func"
"xam.xex","613","XamContentGetDeviceState","0x82000738","0x834DA604","func"
"xam.xex","614","XamContentGetLicenseMask","0x82000730","0x834DA5E4","func"
"xam.xex","640","XamGetExecutionId","0x82000788","0x834DA744","func"
"xam.xex","642","XamGetSystemVersion","0x8200063C","0x834DA214","func"
"xam.xex","650","XamNotifyCreateListener","0x820007BC","0x834DA814","func"
"xam.xex","651","XNotifyGetNext","0x82000630","0x834DA1E4","func"
"xam.xex","652","XNotifyPositionUI","0x8200062C","0x834DA1D4","func"
"xam.xex","700","XamShowSigninUI","0x82000740","0x834DA624","func"
"xam.xex","703","XamShowFriendsUI","0x82000744","0x834DA634","func"
"xam.xex","704","XamShowMessagesUI","0x8200074C","0x834DA654","func"
"xam.xex","705","XamShowKeyboardUI","0x82000750","0x834DA664","func"
"xam.xex","706","XamShowQuickChatUI","0x82000754","0x834DA674","func"
"xam.xex","709","XamShowAchievementsUI","0x8200075C","0x834DA694","func"
"xam.xex","710","XamShowPlayerReviewUI","0x82000760","0x834DA6A4","func"
"xam.xex","711","XamShowMarketplaceUI","0x82000764","0x834DA6B4","func"
"xam.xex","712","XamShowPlayersUI","0x82000748","0x834DA644","func"
"xam.xex","715","XamShowDeviceSelectorUI","0x82000768","0x834DA6C4","func"
"xam.xex","716","XamShowMessageComposeUI","0x8200076C","0x834DA6D4","func"
"xam.xex","717","XamShowGameInviteUI","0x82000770","0x834DA6E4","func"
"xam.xex","718","XamShowFriendRequestUI","0x82000774","0x834DA6F4","func"
"xam.xex","725","XamShowGamerCardUIForXUID","0x82000758","0x834DA684","func"
"xam.xex","729","XamShowDirtyDiscErrorUI","0x82000778","0x834DA704","func"
"xam.xex","732","XamShowMessageBoxUIEx","0x820007C8","0x834DA844","func"
"xam.xex","741","XamShowCustomMessageComposeUI","0x820007B0","0x834DA7E4","func"
"xam.xex","742","_XamShowCustomPlayerListUI__YAKKKPB_W0PBEKPBUXPLAYERLIST_USER__GPBUXPLAYERLIST_BUTTON__3PAUXPLAYERLIST_RESULT__PAU_XOVERLAPPED___Z","0x820007B4","0x834DA7F4","func"
"xam.xex","750","XamUserCreateAchievementEnumerator","0x820007AC","0x834DA7D4","func"
"xam.xex","752","XamWriteGamerTile","0x820007A8","0x834DA7C4","func"
"xam.xex","757","XamReadTileToTexture","0x820007A4","0x834DA7B4","func"
"xam.xex","759","XamUserCreateStatsEnumerator","0x820007A0","0x834DA7A4","func"
"xam.xex","780","XamVoiceCreate","0x82000600","0x834DB314","func"
"xam.xex","781","XamVoiceHeadsetPresent","0x8200060C","0x834DB2D4","func"
"xam.xex","782","XamVoiceSubmitPacket","0x82000618","0x834DB304","func"
"xam.xex","783","XamVoiceClose","0x82000608","0x834DB2E4","func"
"xam.xex","790","XamSessionCreateHandle","0x82000700","0x834DA524","func"
"xam.xex","791","XamSessionRefObjByHandle","0x820006FC","0x834DA514","func"
"xam.xex","971","XGetAVPack","0x820007CC","0x834DA854","func"
"xam.xex","972","XGetGameRegion","0x82000634","0x834DA1F4","func"
"xam.xex","977","XGetVideoMode","0x82000620","0x834DA1A4","func"
"xam.xex","1175","XamVoiceIsActiveProcess","0x82000614","0x834DB2B4","func"
"xboxkrnl.exe","1","DbgBreakPoint","0x82000928","0x834DAD64","func"
"xboxkrnl.exe","3","DbgPrint","0x82000940","0x834DADA4","func"
"xboxkrnl.exe","9","ExAllocatePool","0x82000910","0x834DAD04","func"
"xboxkrnl.exe","10","ExAllocatePoolWithTag","0x82000AC4","0x834DB354","func"
"xboxkrnl.exe","11","ExAllocatePoolTypeWithTag","0x820009A0","0x834DAF14","func"
"xboxkrnl.exe","13","ExCreateThread","0x82000984","0x834DAEA4","func"
"xboxkrnl.exe","14","ExEventObjectType","0x8200087C","","data"
"xboxkrnl.exe","15","ExFreePool","0x8200090C","0x834DACF4","func"
"xboxkrnl.exe","16","ExGetXConfigSetting","0x820007EC","0x834DA8C4","func"
"xboxkrnl.exe","21","ExRegisterTitleTerminateNotification","0x82000828","0x834DA9B4","func"
"xboxkrnl.exe","25","ExTerminateThread","0x82000960","0x834DAE14","func"
"xboxkrnl.exe","27","ExThreadObjectType","0x82000864","","data"
"xboxkrnl.exe","33","FscSetCacheElementCount","0x82000918","0x834DAD24","func"
"xboxkrnl.exe","40","HalReturnToFirmware","0x820009E8","0x834DB034","func"
"xboxkrnl.exe","43","InterlockedFlushSList","0x820009F4","0x834DB064","func"
"xboxkrnl.exe","44","InterlockedPopEntrySList","0x820009F0","0x834DB054","func"
"xboxkrnl.exe","52","IoCheckShareAccess","0x820009BC","0x834DAF84","func"
"xboxkrnl.exe","53","IoCompleteRequest","0x820009A4","0x834DAF24","func"
"xboxkrnl.exe","55","IoCreateDevice","0x82000994","0x834DAEE4","func"
"xboxkrnl.exe","57","IoDeleteDevice","0x82000998","0x834DAEF4","func"
"xboxkrnl.exe","59","IoDismountVolume","0x820009D8","0x834DAFF4","func"
"xboxkrnl.exe","60","IoDismountVolumeByFileHandle","0x820009EC","0x834DB044","func"
"xboxkrnl.exe","65","IoInvalidDeviceRequest","0x82000988","0x834DAEB4","func"
"xboxkrnl.exe","69","IoRemoveShareAccess","0x820009C4","0x834DAFA4","func"
"xboxkrnl.exe","71","IoSetShareAccess","0x820009C0","0x834DAF94","func"
"xboxkrnl.exe","77","KeAcquireSpinLockAtRaisedIrql","0x82000A1C","0x834DB0E4","func"
"xboxkrnl.exe","82","KeBugCheck","0x82000844","0x834DAA24","func"
"xboxkrnl.exe","83","KeBugCheckEx","0x82000958","0x834DADF4","func"
"xboxkrnl.exe","89","KeDebugMonitorData","0x82000874","","data"
"xboxkrnl.exe","90","KeDelayExecutionThread","0x82000878","0x834DAAD4","func"
"xboxkrnl.exe","93","KeEnableFpuExceptions","0x8200083C","0x834DAA04","func"
"xboxkrnl.exe","95","KeEnterCriticalRegion","0x8200082C","0x834DA9C4","func"
"xboxkrnl.exe","102","KeGetCurrentProcessType","0x820007F4","0x834DA8E4","func"
"xboxkrnl.exe","107","KeLockL2","0x82000A40","0x834DB164","func"
"xboxkrnl.exe","108","KeUnlockL2","0x82000A44","0x834DB174","func"
"xboxkrnl.exe","109","KeInitializeApc","0x82000AC0","0x834DB344","func"
"xboxkrnl.exe","111","KeInitializeDpc","0x82000A3C","0x834DB154","func"
"xboxkrnl.exe","122","KeInsertQueueApc","0x82000AC8","0x834DB364","func"
"xboxkrnl.exe","123","KeInsertQueueDpc","0x82000A10","0x834DB0B4","func"
"xboxkrnl.exe","125","KeLeaveCriticalRegion","0x82000824","0x834DA9A4","func"
"xboxkrnl.exe","129","KeQueryBasePriorityThread","0x82000868","0x834DAAA4","func"
"xboxkrnl.exe","131","KeQueryPerformanceFrequency","0x82000810","0x834DA954","func"
"xboxkrnl.exe","132","KeQuerySystemTime","0x82000914","0x834DAD14","func"
"xboxkrnl.exe","137","KeReleaseSpinLockFromRaisedIrql","0x82000A0C","0x834DB0A4","func"
"xboxkrnl.exe","143","KeResetEvent","0x820009E4","0x834DB024","func"
"xboxkrnl.exe","151","KeSetAffinityThread","0x82000870","0x834DAAC4","func"
"xboxkrnl.exe","153","KeSetBasePriorityThread","0x8200085C","0x834DAA84","func"
"xboxkrnl.exe","154","KeSetCurrentProcessType","0x82000A38","0x834DB144","func"
"xboxkrnl.exe","157","KeSetEvent","0x82000814","0x834DA964","func"
"xboxkrnl.exe","173","KeTimeStampBundle","0x82000950","","data"
"xboxkrnl.exe","175","KeWaitForMultipleObjects","0x82000818","0x834DA974","func"
"xboxkrnl.exe","176","KeWaitForSingleObject","0x8200099C","0x834DAF04","func"
"xboxkrnl.exe","177","KfAcquireSpinLock","0x820009B0","0x834DAF54","func"
"xboxkrnl.exe","180","KfReleaseSpinLock","0x820009AC","0x834DAF44","func"
"xboxkrnl.exe","186","MmAllocatePhysicalMemoryEx","0x820008F4","0x834DAC94","func"
"xboxkrnl.exe","189","MmFreePhysicalMemory","0x82000900","0x834DACC4","func"
"xboxkrnl.exe","190","MmGetPhysicalAddress","0x82000800","0x834DA914","func"
"xboxkrnl.exe","194","MmMapIoSpace","0x82000804","0x834DA924","func"
"xboxkrnl.exe","196","MmQueryAddressProtect","0x820008A4","0x834DAB74","func"
"xboxkrnl.exe","197","MmQueryAllocationSize","0x820008F8","0x834DACA4","func"
"xboxkrnl.exe","199","MmSetAddressProtect","0x820008FC","0x834DACB4","func"
"xboxkrnl.exe","204","NtAllocateVirtualMemory","0x82000908","0x834DACE4","func"
"xboxkrnl.exe","205","NtCancelTimer","0x82000930","0x834DAD84","func"
"xboxkrnl.exe","206","NtClearEvent","0x8200089C","0x834DAB54","func"
"xboxkrnl.exe","207","NtClose","0x820008BC","0x834DABC4","func"
"xboxkrnl.exe","209","NtCreateEvent","0x82000894","0x834DAB34","func"
"xboxkrnl.exe","210","NtCreateFile","0x820008E0","0x834DAC44","func"
"xboxkrnl.exe","212","NtCreateMutant","0x82000948","0x834DADC4","func"
"xboxkrnl.exe","213","NtCreateSemaphore","0x82000888","0x834DAB04","func"
"xboxkrnl.exe","215","NtCreateTimer","0x82000938","0x834DAD94","func"
"xboxkrnl.exe","217","NtDeviceIoControlFile","0x820008DC","0x834DAC34","func"
"xboxkrnl.exe","218","NtDuplicateObject","0x82000980","0x834DAE94","func"
"xboxkrnl.exe","219","NtFlushBuffersFile","0x82000970","0x834DAE54","func"
"xboxkrnl.exe","220","NtFreeVirtualMemory","0x820008F0","0x834DAC84","func"
"xboxkrnl.exe","223","NtOpenFile","0x820008CC","0x834DAC04","func"
"xboxkrnl.exe","226","NtPulseEvent","0x82000884","0x834DAAF4","func"
"xboxkrnl.exe","228","NtQueryDirectoryFile","0x82000974","0x834DAE64","func"
"xboxkrnl.exe","231","NtQueryFullAttributesFile","0x820008EC","0x834DAC74","func"
"xboxkrnl.exe","232","NtQueryInformationFile","0x820008D0","0x834DAC14","func"
"xboxkrnl.exe","238","NtQueryVirtualMemory","0x820008A8","0x834DAB84","func"
"xboxkrnl.exe","239","NtQueryVolumeInformationFile","0x820008C8","0x834DABF4","func"
"xboxkrnl.exe","240","NtReadFile","0x8200097C","0x834DAE84","func"
"xboxkrnl.exe","241","NtReadFileScatter","0x82000978","0x834DAE74","func"
"xboxkrnl.exe","242","NtReleaseMutant","0x8200094C","0x834DADD4","func"
"xboxkrnl.exe","243","NtReleaseSemaphore","0x8200088C","0x834DAB14","func"
"xboxkrnl.exe","245","NtResumeThread","0x820008A0","0x834DAB64","func"
"xboxkrnl.exe","246","NtSetEvent","0x82000898","0x834DAB44","func"
"xboxkrnl.exe","247","NtSetInformationFile","0x820008B0","0x834DABA4","func"
"xboxkrnl.exe","250","NtSetTimerEx","0x8200092C","0x834DAD74","func"
"xboxkrnl.exe","252","NtSuspendThread","0x8200086C","0x834DAAB4","func"
"xboxkrnl.exe","253","NtWaitForSingleObjectEx","0x820008C0","0x834DABD4","func"
"xboxkrnl.exe","254","NtWaitForMultipleObjectsEx","0x82000890","0x834DAB24","func"
"xboxkrnl.exe","255","NtWriteFile","0x820008C4","0x834DABE4","func"
"xboxkrnl.exe","256","NtWriteFileGather","0x820009A8","0x834DAF34","func"
"xboxkrnl.exe","257","NtYieldExecution","0x82000ACC","0x834DB374","func"
"xboxkrnl.exe","259","ObCreateSymbolicLink","0x820009DC","0x834DB004","func"
"xboxkrnl.exe","260","ObDeleteSymbolicLink","0x820009E0","0x834DB014","func"
"xboxkrnl.exe","261","ObDereferenceObject","0x820007E8","0x834DA8B4","func"
"xboxkrnl.exe","265","ObIsTitleObject","0x820009B8","0x834DAF74","func"
"xboxkrnl.exe","271","ObReferenceObject","0x82000990","0x834DAED4","func"
"xboxkrnl.exe","272","ObReferenceObjectByHandle","0x82000860","0x834DAA94","func"
"xboxkrnl.exe","281","RtlCaptureContext","0x82000848","0x834DAA34","func"
"xboxkrnl.exe","283","RtlCompareMemoryUlong","0x8200095C","0x834DAE04","func"
"xboxkrnl.exe","285","RtlCompareStringN","0x820008B8","0x834DABB4","func"
"xboxkrnl.exe","293","RtlEnterCriticalSection","0x82000AB4","0x834DA124","func"
"xboxkrnl.exe","294","RtlFillMemoryUlong","0x82000954","0x834DADE4","func"
"xboxkrnl.exe","295","RtlFreeAnsiString","0x82000964","0x834DAE24","func"
"xboxkrnl.exe","299","RtlImageXexHeaderField","0x820008D4","0x834DAC24","func"
"xboxkrnl.exe","300","RtlInitAnsiString","0x82000880","0x834DAAE4","func"
"xboxkrnl.exe","301","RtlInitUnicodeString","0x8200096C","0x834DAE44","func"
"xboxkrnl.exe","302","RtlInitializeCriticalSection","0x82000AA4","0x834DA154","func"
"xboxkrnl.exe","303","RtlInitializeCriticalSectionAndSpinCount","0x82000838","0x834DA9F4","func"
"xboxkrnl.exe","304","RtlLeaveCriticalSection","0x82000AA8","0x834DA144","func"
"xboxkrnl.exe","307","RtlMultiByteToUnicodeN","0x82000850","0x834DAA54","func"
"xboxkrnl.exe","309","RtlNtStatusToDosError","0x8200084C","0x834DAA44","func"
"xboxkrnl.exe","310","RtlRaiseException","0x82000858","0x834DAA74","func"
"xboxkrnl.exe","314","_snprintf","0x820008E8","0x834DAC64","func"
"xboxkrnl.exe","315","sprintf","0x82000A30","0x834DB124","func"
"xboxkrnl.exe","319","RtlTimeFieldsToTime","0x820008AC","0x834DAB94","func"
"xboxkrnl.exe","320","RtlTimeToTimeFields","0x82000904","0x834DACD4","func"
"xboxkrnl.exe","321","RtlTryEnterCriticalSection","0x82000AAC","0x834DA134","func"
"xboxkrnl.exe","322","RtlUnicodeStringToAnsiString","0x82000968","0x834DAE34","func"
"xboxkrnl.exe","323","RtlUnicodeToMultiByteN","0x82000854","0x834DAA64","func"
"xboxkrnl.exe","327","RtlUnwind","0x82000840","0x834DAA14","func"
"xboxkrnl.exe","329","RtlUpcaseUnicodeChar","0x820009B4","0x834DAF64","func"
"xboxkrnl.exe","333","_vsnprintf","0x82000944","0x834DADB4","func"
"xboxkrnl.exe","338","KeTlsAlloc","0x82000AA0","0x834DA164","func"
"xboxkrnl.exe","339","KeTlsFree","0x820007DC","0x834DA194","func"
"xboxkrnl.exe","340","KeTlsGetValue","0x82000A9C","0x834DA174","func"
"xboxkrnl.exe","341","KeTlsSetValue","0x820007E0","0x834DA184","func"
"xboxkrnl.exe","342","XboxHardwareInfo","0x820008B4","","data"
"xboxkrnl.exe","344","XboxKrnlVersion","0x82000934","","data"
"xboxkrnl.exe","402","XeCryptSha","0x8200098C","0x834DAEC4","func"
"xboxkrnl.exe","403","XexExecutableModuleHandle","0x820008D8","","data"
"xboxkrnl.exe","404","XexCheckExecutablePrivilege","0x820007F0","0x834DA8D4","func"
"xboxkrnl.exe","405","XexGetModuleHandle","0x820007E4","0x834DA8A4","func"
"xboxkrnl.exe","406","XexGetModuleSection","0x82000924","0x834DAD54","func"
"xboxkrnl.exe","407","XexGetProcedureAddress","0x82000AB0","0x834DA894","func"
"xboxkrnl.exe","409","XexLoadImage","0x82000920","0x834DAD44","func"
"xboxkrnl.exe","411","XexLoadImageHeaders","0x820008E4","0x834DAC54","func"
"xboxkrnl.exe","417","XexUnloadImage","0x8200091C","0x834DAD34","func"
"xboxkrnl.exe","421","__C_specific_handler","0x820007F8","0x834DA8F4","func"
"xboxkrnl.exe","430","ExLoadedCommandLine","0x8200093C","","data"
"xboxkrnl.exe","433","VdCallGraphicsNotificationRoutines","0x82000A58","0x834DB1B4","func"
"xboxkrnl.exe","436","VdEnableDisableClockGating","0x82000A2C","0x834DB114","func"
"xboxkrnl.exe","438","VdEnableRingBufferRPtrWriteBack","0x82000A14","0x834DB0C4","func"
"xboxkrnl.exe","441","VdGetCurrentDisplayGamma","0x82000A34","0x834DB134","func"
"xboxkrnl.exe","442","VdGetCurrentDisplayInformation","0x82000A5C","0x834DB1C4","func"
"xboxkrnl.exe","445","VdGetSystemCommandBuffer","0x82000A24","0x834DB104","func"
"xboxkrnl.exe","446","VdGlobalDevice","0x820009F8","","data"
"xboxkrnl.exe","447","VdGlobalXamDevice","0x820009FC","","data"
"xboxkrnl.exe","448","VdGpuClockInMHz","0x82000A54","","data"
"xboxkrnl.exe","449","VdHSIOCalibrationLock","0x82000A80","","data"
"xboxkrnl.exe","450","VdInitializeEngines","0x82000A6C","0x834DB204","func"
"xboxkrnl.exe","451","VdInitializeRingBuffer","0x82000A18","0x834DB0D4","func"
"xboxkrnl.exe","453","VdInitializeScalerCommandBuffer","0x82000A4C","0x834DB194","func"
"xboxkrnl.exe","454","VdIsHSIOTrainingSucceeded","0x82000A70","0x834DB214","func"
"xboxkrnl.exe","455","VdPersistDisplay","0x82000A00","0x834DB074","func"
"xboxkrnl.exe","457","VdQueryVideoFlags","0x82000A50","0x834DB1A4","func"
"xboxkrnl.exe","458","VdQueryVideoMode","0x82000A48","0x834DB184","func"
"xboxkrnl.exe","467","VdSetDisplayMode","0x82000A60","0x834DB1D4","func"
"xboxkrnl.exe","468","VdSetDisplayModeOverride","0x82000A68","0x834DB1F4","func"
"xboxkrnl.exe","469","VdSetGraphicsInterruptCallback","0x82000A64","0x834DB1E4","func"
"xboxkrnl.exe","473","VdSetSystemCommandBufferGpuIdentifierAddress","0x82000A04","0x834DB084","func"
"xboxkrnl.exe","476","VdShutdownEngines","0x82000A74","0x834DB224","func"
"xboxkrnl.exe","479","KiApcNormalRoutineNop","0x82000A08","0x834DB094","func"
"xboxkrnl.exe","499","XAudioRegisterRenderDriverClient","0x82000830","0x834DA9D4","func"
"xboxkrnl.exe","500","XAudioUnregisterRenderDriverClient","0x82000820","0x834DA994","func"
"xboxkrnl.exe","501","XAudioSubmitRenderDriverFrame","0x8200081C","0x834DA984","func"
"xboxkrnl.exe","504","XAudioGetVoiceCategoryVolume","0x820007FC","0x834DA904","func"
"xboxkrnl.exe","511","XAudioGetSpeakerConfig","0x82000834","0x834DA9E4","func"
"xboxkrnl.exe","548","XMACreateContext","0x82000808","0x834DA934","func"
"xboxkrnl.exe","550","XMAReleaseContext","0x8200080C","0x834DA944","func"
"xboxkrnl.exe","598","XeKeysConsolePrivateKeySign","0x820009D4","0x834DAFE4","func"
"xboxkrnl.exe","599","XeKeysConsoleSignatureVerification","0x820009D0","0x834DAFD4","func"
"xboxkrnl.exe","601","StfsCreateDevice","0x820009CC","0x834DAFC4","func"
"xboxkrnl.exe","602","StfsControlDevice","0x820009C8","0x834DAFB4","func"
"xboxkrnl.exe","603","VdSwap","0x82000A20","0x834DB0F4","func"
"xboxkrnl.exe","614","KeCertMonitorData","0x82000A28","","data"
"xboxkrnl.exe","617","VdRetrainEDRAM","0x82000A78","0x834DB234","func"
"xboxkrnl.exe","618","VdRetrainEDRAMWorker","0x82000A7C","0x834DB244","func"
"xboxkrnl.exe","689","MicDeviceRequest","0x82000ABC","0x834DB334","func"
"xboxkrnl.exe","737","RmcDeviceRequest","0x82000AB8","0x834DB324","func"
"xboxkrnl.exe","845","XAudioEnableDucker","0x82000A88","0x834DB264","func"
"xboxkrnl.exe","848","XAudioGetDuckerLevel","0x82000A84","0x834DB254","func"
"xboxkrnl.exe","849","XAudioGetDuckerThreshold","0x82000A98","0x834DB2A4","func"
"xboxkrnl.exe","851","XAudioGetDuckerAttackTime","0x82000A90","0x834DB284","func"
"xboxkrnl.exe","853","XAudioGetDuckerReleaseTime","0x82000A8C","0x834DB274","func"
"xboxkrnl.exe","855","XAudioGetDuckerHoldTime","0x82000A94","0x834DB294","func"
